肖袠袨,谐芯写 褉芯卸写械薪懈褟,褉邪蟹褉褟写,泻褞,小楔,褌褉械薪械褉
袠胁邪薪,8151,9595,褘褍邪褘褍,泻褘锌,褘褍邪褘褍
褎褍4锌械泻胁,20508,锌褍褎泻锌褎34,褎4锌泻胁,锌褍褎泻锌,锌褎4褍
褍泻锌褎34,6484,4褎褍锌,泻褍锌褎4,褍泻锌,褎4褍锌
褍褎4锌3褍4,68468416,胁邪锌,4锌43褉,褍4锌4,34械43械
袠胁邪薪,,,,,
褎褍4锌械泻胁,,,,,
褍泻锌褎34,8151,,,,
褍褎4锌3褍4,,,,,
袩褉懈胁械褌 袗薪写褉械泄,2050,9泻褞,,褘邪,屑泻
邪褘褍,,,,,
袩械褌褉芯胁,,,,,
袠谐芯褉褜,2010,1泻褞,,袪芯褋褌芯胁,褘褘褘
袗褉褌械屑,67,67,,252,752
袩械褌褉,6667,52,,257,75227
锌芯锌芯胁,641,褘褍邪,,邪褘褍褘,褍邪褘褍
袩械褌褉芯胁,481,564,,褘泻邪,褘褍邪 褘
袝泻邪褌械褉懈薪邪,9416,褘褍邪,,褘褍邪,褘邪
啸芯褏屑褟薪褋泻邪褟,981,褍泻锌褍泻,,械褍锌泻,褘褍锌
胁褋褝,,,,,
锌褉,,,,,
胁,,,,,
袠,,,,,
懈胁邪薪,,,,,
锌褉懈,,,,,
